[
  {
    "pk": 22, 
    "model": "contenttypes.contenttype", 
    "fields": {
      "model": "answer", 
      "name": "answer", 
      "app_label": "exerciselist"
    }
  }, 
  {
    "pk": 5, 
    "model": "contenttypes.contenttype", 
    "fields": {
      "model": "contenttype", 
      "name": "content type", 
      "app_label": "contenttypes"
    }
  }, 
  {
    "pk": 9, 
    "model": "contenttypes.contenttype", 
    "fields": {
      "model": "course", 
      "name": "course", 
      "app_label": "course"
    }
  }, 
  {
    "pk": 14, 
    "model": "contenttypes.contenttype", 
    "fields": {
      "model": "discursivequestion", 
      "name": "discursive question", 
      "app_label": "exerciselist"
    }
  }, 
  {
    "pk": 23, 
    "model": "contenttypes.contenttype", 
    "fields": {
      "model": "discursivequestionanswer", 
      "name": "discursive question answer", 
      "app_label": "exerciselist"
    }
  }, 
  {
    "pk": 20, 
    "model": "contenttypes.contenttype", 
    "fields": {
      "model": "exerciselist", 
      "name": "exercise list", 
      "app_label": "exerciselist"
    }
  }, 
  {
    "pk": 21, 
    "model": "contenttypes.contenttype", 
    "fields": {
      "model": "exerciselistsolution", 
      "name": "exercise list solution", 
      "app_label": "exerciselist"
    }
  }, 
  {
    "pk": 2, 
    "model": "contenttypes.contenttype", 
    "fields": {
      "model": "group", 
      "name": "group", 
      "app_label": "auth"
    }
  }, 
  {
    "pk": 16, 
    "model": "contenttypes.contenttype", 
    "fields": {
      "model": "javaquestion", 
      "name": "java question", 
      "app_label": "exerciselist"
    }
  }, 
  {
    "pk": 25, 
    "model": "contenttypes.contenttype", 
    "fields": {
      "model": "javaquestionanswer", 
      "name": "java question answer", 
      "app_label": "exerciselist"
    }
  }, 
  {
    "pk": 8, 
    "model": "contenttypes.contenttype", 
    "fields": {
      "model": "logentry", 
      "name": "log entry", 
      "app_label": "admin"
    }
  }, 
  {
    "pk": 4, 
    "model": "contenttypes.contenttype", 
    "fields": {
      "model": "message", 
      "name": "message", 
      "app_label": "auth"
    }
  }, 
  {
    "pk": 17, 
    "model": "contenttypes.contenttype", 
    "fields": {
      "model": "multiplechoicealternative", 
      "name": "multiple choice alternative", 
      "app_label": "exerciselist"
    }
  }, 
  {
    "pk": 18, 
    "model": "contenttypes.contenttype", 
    "fields": {
      "model": "multiplechoicecorrectalternative", 
      "name": "multiple choice correct alternative", 
      "app_label": "exerciselist"
    }
  }, 
  {
    "pk": 15, 
    "model": "contenttypes.contenttype", 
    "fields": {
      "model": "multiplechoicequestion", 
      "name": "multiple choice question", 
      "app_label": "exerciselist"
    }
  }, 
  {
    "pk": 24, 
    "model": "contenttypes.contenttype", 
    "fields": {
      "model": "multiplechoicequestionanswer", 
      "name": "multiple choice question answer", 
      "app_label": "exerciselist"
    }
  }, 
  {
    "pk": 19, 
    "model": "contenttypes.contenttype", 
    "fields": {
      "model": "multiplechoicewrongalternative", 
      "name": "multiple choice wrong alternative", 
      "app_label": "exerciselist"
    }
  }, 
  {
    "pk": 1, 
    "model": "contenttypes.contenttype", 
    "fields": {
      "model": "permission", 
      "name": "permission", 
      "app_label": "auth"
    }
  }, 
  {
    "pk": 10, 
    "model": "contenttypes.contenttype", 
    "fields": {
      "model": "profile", 
      "name": "profile", 
      "app_label": "authentication"
    }
  }, 
  {
    "pk": 13, 
    "model": "contenttypes.contenttype", 
    "fields": {
      "model": "question", 
      "name": "question", 
      "app_label": "exerciselist"
    }
  }, 
  {
    "pk": 6, 
    "model": "contenttypes.contenttype", 
    "fields": {
      "model": "session", 
      "name": "session", 
      "app_label": "sessions"
    }
  }, 
  {
    "pk": 7, 
    "model": "contenttypes.contenttype", 
    "fields": {
      "model": "site", 
      "name": "site", 
      "app_label": "sites"
    }
  }, 
  {
    "pk": 11, 
    "model": "contenttypes.contenttype", 
    "fields": {
      "model": "student", 
      "name": "student", 
      "app_label": "authentication"
    }
  }, 
  {
    "pk": 12, 
    "model": "contenttypes.contenttype", 
    "fields": {
      "model": "teacher", 
      "name": "teacher", 
      "app_label": "authentication"
    }
  }, 
  {
    "pk": 3, 
    "model": "contenttypes.contenttype", 
    "fields": {
      "model": "user", 
      "name": "user", 
      "app_label": "auth"
    }
  }, 
  {
    "pk": "308d24ea2525d59df2bd3ff35b1c0b4f", 
    "model": "sessions.session", 
    "fields": {
      "expire_date": "2011-06-02 03:20:24", 
      "session_data": "ZGNhNWM5Y2IyMWFiNmZjNmM3NjU4OGQ2MmMzODYwYWE1NjQwNTExYjqAAn1xAShVEl9hdXRoX3Vz\nZXJfYmFja2VuZHECVSlkamFuZ28uY29udHJpYi5hdXRoLmJhY2tlbmRzLk1vZGVsQmFja2VuZHED\nVQ1fYXV0aF91c2VyX2lkcQRLAnUu\n"
    }
  }, 
  {
    "pk": 1, 
    "model": "sites.site", 
    "fields": {
      "domain": "example.com", 
      "name": "example.com"
    }
  }, 
  {
    "pk": 21, 
    "model": "admin.logentry", 
    "fields": {
      "action_flag": 1, 
      "action_time": "2011-05-19 01:53:49", 
      "object_repr": "lista 4", 
      "object_id": "4", 
      "change_message": "", 
      "user": 1, 
      "content_type": 20
    }
  }, 
  {
    "pk": 20, 
    "model": "admin.logentry", 
    "fields": {
      "action_flag": 1, 
      "action_time": "2011-05-19 01:53:37", 
      "object_repr": "lista 3", 
      "object_id": "3", 
      "change_message": "", 
      "user": 1, 
      "content_type": 20
    }
  }, 
  {
    "pk": 19, 
    "model": "admin.logentry", 
    "fields": {
      "action_flag": 1, 
      "action_time": "2011-05-19 01:53:27", 
      "object_repr": "lista 2", 
      "object_id": "2", 
      "change_message": "", 
      "user": 1, 
      "content_type": 20
    }
  }, 
  {
    "pk": 18, 
    "model": "admin.logentry", 
    "fields": {
      "action_flag": 1, 
      "action_time": "2011-05-19 01:53:10", 
      "object_repr": "lista 1", 
      "object_id": "1", 
      "change_message": "", 
      "user": 1, 
      "content_type": 20
    }
  }, 
  {
    "pk": 17, 
    "model": "admin.logentry", 
    "fields": {
      "action_flag": 1, 
      "action_time": "2011-05-19 01:52:50", 
      "object_repr": "2+2?", 
      "object_id": "6", 
      "change_message": "", 
      "user": 1, 
      "content_type": 15
    }
  }, 
  {
    "pk": 16, 
    "model": "admin.logentry", 
    "fields": {
      "action_flag": 1, 
      "action_time": "2011-05-19 01:52:40", 
      "object_repr": "1+1?", 
      "object_id": "5", 
      "change_message": "", 
      "user": 1, 
      "content_type": 15
    }
  }, 
  {
    "pk": 15, 
    "model": "admin.logentry", 
    "fields": {
      "action_flag": 1, 
      "action_time": "2011-05-19 01:52:21", 
      "object_repr": "Fa\u00e7a um programa que calcula 2+2", 
      "object_id": "4", 
      "change_message": "", 
      "user": 1, 
      "content_type": 16
    }
  }, 
  {
    "pk": 14, 
    "model": "admin.logentry", 
    "fields": {
      "action_flag": 1, 
      "action_time": "2011-05-19 01:52:04", 
      "object_repr": "Fa\u00e7a um programa que calcule 1+1", 
      "object_id": "3", 
      "change_message": "", 
      "user": 1, 
      "content_type": 16
    }
  }, 
  {
    "pk": 13, 
    "model": "admin.logentry", 
    "fields": {
      "action_flag": 1, 
      "action_time": "2011-05-19 01:51:36", 
      "object_repr": "Quanto \u00e9 2+2?", 
      "object_id": "2", 
      "change_message": "", 
      "user": 1, 
      "content_type": 14
    }
  }, 
  {
    "pk": 12, 
    "model": "admin.logentry", 
    "fields": {
      "action_flag": 1, 
      "action_time": "2011-05-19 01:51:19", 
      "object_repr": "Quanto \u00e9 1+1?", 
      "object_id": "1", 
      "change_message": "", 
      "user": 1, 
      "content_type": 14
    }
  }, 
  {
    "pk": 11, 
    "model": "admin.logentry", 
    "fields": {
      "action_flag": 2, 
      "action_time": "2011-05-19 01:23:43", 
      "object_repr": "Introdu\u00e7\u00e3o \u00e0 Computa\u00e7\u00e3o", 
      "object_id": "1", 
      "change_message": "Modificado student.", 
      "user": 1, 
      "content_type": 9
    }
  }, 
  {
    "pk": 10, 
    "model": "admin.logentry", 
    "fields": {
      "action_flag": 2, 
      "action_time": "2011-05-18 23:51:54", 
      "object_repr": "gerosa", 
      "object_id": "2", 
      "change_message": "Modificado username.", 
      "user": 1, 
      "content_type": 3
    }
  }, 
  {
    "pk": 9, 
    "model": "admin.logentry", 
    "fields": {
      "action_flag": 2, 
      "action_time": "2011-05-18 23:51:48", 
      "object_repr": "alfredo", 
      "object_id": "3", 
      "change_message": "Modificado username.", 
      "user": 1, 
      "content_type": 3
    }
  }, 
  {
    "pk": 8, 
    "model": "admin.logentry", 
    "fields": {
      "action_flag": 1, 
      "action_time": "2011-05-18 22:31:07", 
      "object_repr": "xp", 
      "object_id": "3", 
      "change_message": "", 
      "user": 1, 
      "content_type": 9
    }
  }, 
  {
    "pk": 7, 
    "model": "admin.logentry", 
    "fields": {
      "action_flag": 1, 
      "action_time": "2011-05-18 22:31:03", 
      "object_repr": "Alfredo", 
      "object_id": "2", 
      "change_message": "", 
      "user": 1, 
      "content_type": 12
    }
  }, 
  {
    "pk": 6, 
    "model": "admin.logentry", 
    "fields": {
      "action_flag": 1, 
      "action_time": "2011-05-18 22:30:57", 
      "object_repr": "Alfredo", 
      "object_id": "3", 
      "change_message": "", 
      "user": 1, 
      "content_type": 3
    }
  }, 
  {
    "pk": 5, 
    "model": "admin.logentry", 
    "fields": {
      "action_flag": 1, 
      "action_time": "2011-05-18 22:30:26", 
      "object_repr": "Algoritmos", 
      "object_id": "2", 
      "change_message": "", 
      "user": 1, 
      "content_type": 9
    }
  }, 
  {
    "pk": 4, 
    "model": "admin.logentry", 
    "fields": {
      "action_flag": 2, 
      "action_time": "2011-05-18 22:28:27", 
      "object_repr": "Introdu\u00e7\u00e3o \u00e0 Computa\u00e7\u00e3o", 
      "object_id": "1", 
      "change_message": "Nenhum campo modificado.", 
      "user": 1, 
      "content_type": 9
    }
  }, 
  {
    "pk": 3, 
    "model": "admin.logentry", 
    "fields": {
      "action_flag": 1, 
      "action_time": "2011-05-18 22:20:25", 
      "object_repr": "Introdu\u00e7\u00e3o \u00e0 Computa\u00e7\u00e3o", 
      "object_id": "1", 
      "change_message": "", 
      "user": 1, 
      "content_type": 9
    }
  }, 
  {
    "pk": 2, 
    "model": "admin.logentry", 
    "fields": {
      "action_flag": 1, 
      "action_time": "2011-05-18 22:19:12", 
      "object_repr": "Gerosa", 
      "object_id": "1", 
      "change_message": "", 
      "user": 1, 
      "content_type": 12
    }
  }, 
  {
    "pk": 1, 
    "model": "admin.logentry", 
    "fields": {
      "action_flag": 1, 
      "action_time": "2011-05-18 22:19:03", 
      "object_repr": "Gerosa", 
      "object_id": "2", 
      "change_message": "", 
      "user": 1, 
      "content_type": 3
    }
  }, 
  {
    "pk": 1, 
    "model": "course.course", 
    "fields": {
      "teacher": 1, 
      "code": "MAC0110", 
      "name": "Introdu\u00e7\u00e3o \u00e0 Computa\u00e7\u00e3o", 
      "student": [
        3
      ], 
      "description": "Blablabla"
    }
  }, 
  {
    "pk": 2, 
    "model": "course.course", 
    "fields": {
      "teacher": 1, 
      "code": "MAC0122", 
      "name": "Algoritmos", 
      "student": [
        3
      ], 
      "description": ""
    }
  }, 
  {
    "pk": 3, 
    "model": "course.course", 
    "fields": {
      "teacher": 2, 
      "code": "MAC2443", 
      "name": "xp", 
      "student": [
        3
      ], 
      "description": ""
    }
  }, 
  {
    "pk": 1, 
    "model": "exerciselist.question", 
    "fields": {
      "text": "Quanto \u00e9 1+1?"
    }
  }, 
  {
    "pk": 2, 
    "model": "exerciselist.question", 
    "fields": {
      "text": "Quanto \u00e9 2+2?"
    }
  }, 
  {
    "pk": 3, 
    "model": "exerciselist.question", 
    "fields": {
      "text": "Fa\u00e7a um programa que calcule 1+1"
    }
  }, 
  {
    "pk": 4, 
    "model": "exerciselist.question", 
    "fields": {
      "text": "Fa\u00e7a um programa que calcula 2+2"
    }
  }, 
  {
    "pk": 5, 
    "model": "exerciselist.question", 
    "fields": {
      "text": "1+1?"
    }
  }, 
  {
    "pk": 6, 
    "model": "exerciselist.question", 
    "fields": {
      "text": "2+2?"
    }
  }, 
  {
    "pk": 1, 
    "model": "exerciselist.discursivequestion", 
    "fields": {}
  }, 
  {
    "pk": 2, 
    "model": "exerciselist.discursivequestion", 
    "fields": {}
  }, 
  {
    "pk": 5, 
    "model": "exerciselist.multiplechoicequestion", 
    "fields": {}
  }, 
  {
    "pk": 6, 
    "model": "exerciselist.multiplechoicequestion", 
    "fields": {}
  }, 
  {
    "pk": 3, 
    "model": "exerciselist.javaquestion", 
    "fields": {
      "criteria": "2"
    }
  }, 
  {
    "pk": 4, 
    "model": "exerciselist.javaquestion", 
    "fields": {
      "criteria": "4"
    }
  }, 
  {
    "pk": 1, 
    "model": "exerciselist.multiplechoicealternative", 
    "fields": {
      "text": "2"
    }
  }, 
  {
    "pk": 2, 
    "model": "exerciselist.multiplechoicealternative", 
    "fields": {
      "text": "3"
    }
  }, 
  {
    "pk": 3, 
    "model": "exerciselist.multiplechoicealternative", 
    "fields": {
      "text": "4"
    }
  }, 
  {
    "pk": 4, 
    "model": "exerciselist.multiplechoicealternative", 
    "fields": {
      "text": "5"
    }
  }, 
  {
    "pk": 5, 
    "model": "exerciselist.multiplechoicealternative", 
    "fields": {
      "text": "4"
    }
  }, 
  {
    "pk": 6, 
    "model": "exerciselist.multiplechoicealternative", 
    "fields": {
      "text": "3"
    }
  }, 
  {
    "pk": 1, 
    "model": "exerciselist.multiplechoicecorrectalternative", 
    "fields": {
      "question": 5
    }
  }, 
  {
    "pk": 5, 
    "model": "exerciselist.multiplechoicecorrectalternative", 
    "fields": {
      "question": 6
    }
  }, 
  {
    "pk": 2, 
    "model": "exerciselist.multiplechoicewrongalternative", 
    "fields": {
      "question": 5
    }
  }, 
  {
    "pk": 3, 
    "model": "exerciselist.multiplechoicewrongalternative", 
    "fields": {
      "question": 5
    }
  }, 
  {
    "pk": 4, 
    "model": "exerciselist.multiplechoicewrongalternative", 
    "fields": {
      "question": 5
    }
  }, 
  {
    "pk": 6, 
    "model": "exerciselist.multiplechoicewrongalternative", 
    "fields": {
      "question": 6
    }
  }, 
  {
    "pk": 1, 
    "model": "exerciselist.exerciselist", 
    "fields": {
      "course": 3, 
      "pub_date": "2011-05-19", 
      "name": "lista 1", 
      "questions": [
        1, 
        2, 
        3, 
        4, 
        5, 
        6
      ], 
      "due_date": "2011-05-26"
    }
  }, 
  {
    "pk": 2, 
    "model": "exerciselist.exerciselist", 
    "fields": {
      "course": 3, 
      "pub_date": "2011-05-19", 
      "name": "lista 2", 
      "questions": [
        2, 
        3, 
        5
      ], 
      "due_date": "2011-05-26"
    }
  }, 
  {
    "pk": 3, 
    "model": "exerciselist.exerciselist", 
    "fields": {
      "course": 2, 
      "pub_date": "2011-05-19", 
      "name": "lista 3", 
      "questions": [
        2, 
        3, 
        4
      ], 
      "due_date": "2011-05-26"
    }
  }, 
  {
    "pk": 4, 
    "model": "exerciselist.exerciselist", 
    "fields": {
      "course": 1, 
      "pub_date": "2011-05-19", 
      "name": "lista 4", 
      "questions": [
        1, 
        2, 
        5
      ], 
      "due_date": "2011-05-26"
    }
  }, 
  {
    "pk": 1, 
    "model": "authentication.profile", 
    "fields": {
      "user": 2, 
      "nusp": "65416546", 
      "name": "Gerosa"
    }
  }, 
  {
    "pk": 2, 
    "model": "authentication.profile", 
    "fields": {
      "user": 3, 
      "nusp": "6541564", 
      "name": "Alfredo"
    }
  }, 
  {
    "pk": 3, 
    "model": "authentication.profile", 
    "fields": {
      "user": 4, 
      "nusp": "8974984", 
      "name": "teste"
    }
  }, 
  {
    "pk": 3, 
    "model": "authentication.student", 
    "fields": {}
  }, 
  {
    "pk": 1, 
    "model": "authentication.teacher", 
    "fields": {}
  }, 
  {
    "pk": 2, 
    "model": "authentication.teacher", 
    "fields": {}
  }, 
  {
    "pk": 22, 
    "model": "auth.permission", 
    "fields": {
      "codename": "add_logentry", 
      "name": "Can add log entry", 
      "content_type": 8
    }
  }, 
  {
    "pk": 23, 
    "model": "auth.permission", 
    "fields": {
      "codename": "change_logentry", 
      "name": "Can change log entry", 
      "content_type": 8
    }
  }, 
  {
    "pk": 24, 
    "model": "auth.permission", 
    "fields": {
      "codename": "delete_logentry", 
      "name": "Can delete log entry", 
      "content_type": 8
    }
  }, 
  {
    "pk": 4, 
    "model": "auth.permission", 
    "fields": {
      "codename": "add_group", 
      "name": "Can add group", 
      "content_type": 2
    }
  }, 
  {
    "pk": 5, 
    "model": "auth.permission", 
    "fields": {
      "codename": "change_group", 
      "name": "Can change group", 
      "content_type": 2
    }
  }, 
  {
    "pk": 6, 
    "model": "auth.permission", 
    "fields": {
      "codename": "delete_group", 
      "name": "Can delete group", 
      "content_type": 2
    }
  }, 
  {
    "pk": 10, 
    "model": "auth.permission", 
    "fields": {
      "codename": "add_message", 
      "name": "Can add message", 
      "content_type": 4
    }
  }, 
  {
    "pk": 11, 
    "model": "auth.permission", 
    "fields": {
      "codename": "change_message", 
      "name": "Can change message", 
      "content_type": 4
    }
  }, 
  {
    "pk": 12, 
    "model": "auth.permission", 
    "fields": {
      "codename": "delete_message", 
      "name": "Can delete message", 
      "content_type": 4
    }
  }, 
  {
    "pk": 1, 
    "model": "auth.permission", 
    "fields": {
      "codename": "add_permission", 
      "name": "Can add permission", 
      "content_type": 1
    }
  }, 
  {
    "pk": 2, 
    "model": "auth.permission", 
    "fields": {
      "codename": "change_permission", 
      "name": "Can change permission", 
      "content_type": 1
    }
  }, 
  {
    "pk": 3, 
    "model": "auth.permission", 
    "fields": {
      "codename": "delete_permission", 
      "name": "Can delete permission", 
      "content_type": 1
    }
  }, 
  {
    "pk": 7, 
    "model": "auth.permission", 
    "fields": {
      "codename": "add_user", 
      "name": "Can add user", 
      "content_type": 3
    }
  }, 
  {
    "pk": 8, 
    "model": "auth.permission", 
    "fields": {
      "codename": "change_user", 
      "name": "Can change user", 
      "content_type": 3
    }
  }, 
  {
    "pk": 9, 
    "model": "auth.permission", 
    "fields": {
      "codename": "delete_user", 
      "name": "Can delete user", 
      "content_type": 3
    }
  }, 
  {
    "pk": 28, 
    "model": "auth.permission", 
    "fields": {
      "codename": "add_profile", 
      "name": "Can add profile", 
      "content_type": 10
    }
  }, 
  {
    "pk": 29, 
    "model": "auth.permission", 
    "fields": {
      "codename": "change_profile", 
      "name": "Can change profile", 
      "content_type": 10
    }
  }, 
  {
    "pk": 30, 
    "model": "auth.permission", 
    "fields": {
      "codename": "delete_profile", 
      "name": "Can delete profile", 
      "content_type": 10
    }
  }, 
  {
    "pk": 31, 
    "model": "auth.permission", 
    "fields": {
      "codename": "add_student", 
      "name": "Can add student", 
      "content_type": 11
    }
  }, 
  {
    "pk": 32, 
    "model": "auth.permission", 
    "fields": {
      "codename": "change_student", 
      "name": "Can change student", 
      "content_type": 11
    }
  }, 
  {
    "pk": 33, 
    "model": "auth.permission", 
    "fields": {
      "codename": "delete_student", 
      "name": "Can delete student", 
      "content_type": 11
    }
  }, 
  {
    "pk": 34, 
    "model": "auth.permission", 
    "fields": {
      "codename": "add_teacher", 
      "name": "Can add teacher", 
      "content_type": 12
    }
  }, 
  {
    "pk": 35, 
    "model": "auth.permission", 
    "fields": {
      "codename": "change_teacher", 
      "name": "Can change teacher", 
      "content_type": 12
    }
  }, 
  {
    "pk": 36, 
    "model": "auth.permission", 
    "fields": {
      "codename": "delete_teacher", 
      "name": "Can delete teacher", 
      "content_type": 12
    }
  }, 
  {
    "pk": 13, 
    "model": "auth.permission", 
    "fields": {
      "codename": "add_contenttype", 
      "name": "Can add content type", 
      "content_type": 5
    }
  }, 
  {
    "pk": 14, 
    "model": "auth.permission", 
    "fields": {
      "codename": "change_contenttype", 
      "name": "Can change content type", 
      "content_type": 5
    }
  }, 
  {
    "pk": 15, 
    "model": "auth.permission", 
    "fields": {
      "codename": "delete_contenttype", 
      "name": "Can delete content type", 
      "content_type": 5
    }
  }, 
  {
    "pk": 25, 
    "model": "auth.permission", 
    "fields": {
      "codename": "add_course", 
      "name": "Can add course", 
      "content_type": 9
    }
  }, 
  {
    "pk": 26, 
    "model": "auth.permission", 
    "fields": {
      "codename": "change_course", 
      "name": "Can change course", 
      "content_type": 9
    }
  }, 
  {
    "pk": 27, 
    "model": "auth.permission", 
    "fields": {
      "codename": "delete_course", 
      "name": "Can delete course", 
      "content_type": 9
    }
  }, 
  {
    "pk": 64, 
    "model": "auth.permission", 
    "fields": {
      "codename": "add_answer", 
      "name": "Can add answer", 
      "content_type": 22
    }
  }, 
  {
    "pk": 65, 
    "model": "auth.permission", 
    "fields": {
      "codename": "change_answer", 
      "name": "Can change answer", 
      "content_type": 22
    }
  }, 
  {
    "pk": 66, 
    "model": "auth.permission", 
    "fields": {
      "codename": "delete_answer", 
      "name": "Can delete answer", 
      "content_type": 22
    }
  }, 
  {
    "pk": 40, 
    "model": "auth.permission", 
    "fields": {
      "codename": "add_discursivequestion", 
      "name": "Can add discursive question", 
      "content_type": 14
    }
  }, 
  {
    "pk": 41, 
    "model": "auth.permission", 
    "fields": {
      "codename": "change_discursivequestion", 
      "name": "Can change discursive question", 
      "content_type": 14
    }
  }, 
  {
    "pk": 42, 
    "model": "auth.permission", 
    "fields": {
      "codename": "delete_discursivequestion", 
      "name": "Can delete discursive question", 
      "content_type": 14
    }
  }, 
  {
    "pk": 67, 
    "model": "auth.permission", 
    "fields": {
      "codename": "add_discursivequestionanswer", 
      "name": "Can add discursive question answer", 
      "content_type": 23
    }
  }, 
  {
    "pk": 68, 
    "model": "auth.permission", 
    "fields": {
      "codename": "change_discursivequestionanswer", 
      "name": "Can change discursive question answer", 
      "content_type": 23
    }
  }, 
  {
    "pk": 69, 
    "model": "auth.permission", 
    "fields": {
      "codename": "delete_discursivequestionanswer", 
      "name": "Can delete discursive question answer", 
      "content_type": 23
    }
  }, 
  {
    "pk": 58, 
    "model": "auth.permission", 
    "fields": {
      "codename": "add_exerciselist", 
      "name": "Can add exercise list", 
      "content_type": 20
    }
  }, 
  {
    "pk": 59, 
    "model": "auth.permission", 
    "fields": {
      "codename": "change_exerciselist", 
      "name": "Can change exercise list", 
      "content_type": 20
    }
  }, 
  {
    "pk": 60, 
    "model": "auth.permission", 
    "fields": {
      "codename": "delete_exerciselist", 
      "name": "Can delete exercise list", 
      "content_type": 20
    }
  }, 
  {
    "pk": 61, 
    "model": "auth.permission", 
    "fields": {
      "codename": "add_exerciselistsolution", 
      "name": "Can add exercise list solution", 
      "content_type": 21
    }
  }, 
  {
    "pk": 62, 
    "model": "auth.permission", 
    "fields": {
      "codename": "change_exerciselistsolution", 
      "name": "Can change exercise list solution", 
      "content_type": 21
    }
  }, 
  {
    "pk": 63, 
    "model": "auth.permission", 
    "fields": {
      "codename": "delete_exerciselistsolution", 
      "name": "Can delete exercise list solution", 
      "content_type": 21
    }
  }, 
  {
    "pk": 46, 
    "model": "auth.permission", 
    "fields": {
      "codename": "add_javaquestion", 
      "name": "Can add java question", 
      "content_type": 16
    }
  }, 
  {
    "pk": 47, 
    "model": "auth.permission", 
    "fields": {
      "codename": "change_javaquestion", 
      "name": "Can change java question", 
      "content_type": 16
    }
  }, 
  {
    "pk": 48, 
    "model": "auth.permission", 
    "fields": {
      "codename": "delete_javaquestion", 
      "name": "Can delete java question", 
      "content_type": 16
    }
  }, 
  {
    "pk": 73, 
    "model": "auth.permission", 
    "fields": {
      "codename": "add_javaquestionanswer", 
      "name": "Can add java question answer", 
      "content_type": 25
    }
  }, 
  {
    "pk": 74, 
    "model": "auth.permission", 
    "fields": {
      "codename": "change_javaquestionanswer", 
      "name": "Can change java question answer", 
      "content_type": 25
    }
  }, 
  {
    "pk": 75, 
    "model": "auth.permission", 
    "fields": {
      "codename": "delete_javaquestionanswer", 
      "name": "Can delete java question answer", 
      "content_type": 25
    }
  }, 
  {
    "pk": 49, 
    "model": "auth.permission", 
    "fields": {
      "codename": "add_multiplechoicealternative", 
      "name": "Can add multiple choice alternative", 
      "content_type": 17
    }
  }, 
  {
    "pk": 50, 
    "model": "auth.permission", 
    "fields": {
      "codename": "change_multiplechoicealternative", 
      "name": "Can change multiple choice alternative", 
      "content_type": 17
    }
  }, 
  {
    "pk": 51, 
    "model": "auth.permission", 
    "fields": {
      "codename": "delete_multiplechoicealternative", 
      "name": "Can delete multiple choice alternative", 
      "content_type": 17
    }
  }, 
  {
    "pk": 52, 
    "model": "auth.permission", 
    "fields": {
      "codename": "add_multiplechoicecorrectalternative", 
      "name": "Can add multiple choice correct alternative", 
      "content_type": 18
    }
  }, 
  {
    "pk": 53, 
    "model": "auth.permission", 
    "fields": {
      "codename": "change_multiplechoicecorrectalternative", 
      "name": "Can change multiple choice correct alternative", 
      "content_type": 18
    }
  }, 
  {
    "pk": 54, 
    "model": "auth.permission", 
    "fields": {
      "codename": "delete_multiplechoicecorrectalternative", 
      "name": "Can delete multiple choice correct alternative", 
      "content_type": 18
    }
  }, 
  {
    "pk": 43, 
    "model": "auth.permission", 
    "fields": {
      "codename": "add_multiplechoicequestion", 
      "name": "Can add multiple choice question", 
      "content_type": 15
    }
  }, 
  {
    "pk": 44, 
    "model": "auth.permission", 
    "fields": {
      "codename": "change_multiplechoicequestion", 
      "name": "Can change multiple choice question", 
      "content_type": 15
    }
  }, 
  {
    "pk": 45, 
    "model": "auth.permission", 
    "fields": {
      "codename": "delete_multiplechoicequestion", 
      "name": "Can delete multiple choice question", 
      "content_type": 15
    }
  }, 
  {
    "pk": 70, 
    "model": "auth.permission", 
    "fields": {
      "codename": "add_multiplechoicequestionanswer", 
      "name": "Can add multiple choice question answer", 
      "content_type": 24
    }
  }, 
  {
    "pk": 71, 
    "model": "auth.permission", 
    "fields": {
      "codename": "change_multiplechoicequestionanswer", 
      "name": "Can change multiple choice question answer", 
      "content_type": 24
    }
  }, 
  {
    "pk": 72, 
    "model": "auth.permission", 
    "fields": {
      "codename": "delete_multiplechoicequestionanswer", 
      "name": "Can delete multiple choice question answer", 
      "content_type": 24
    }
  }, 
  {
    "pk": 55, 
    "model": "auth.permission", 
    "fields": {
      "codename": "add_multiplechoicewrongalternative", 
      "name": "Can add multiple choice wrong alternative", 
      "content_type": 19
    }
  }, 
  {
    "pk": 56, 
    "model": "auth.permission", 
    "fields": {
      "codename": "change_multiplechoicewrongalternative", 
      "name": "Can change multiple choice wrong alternative", 
      "content_type": 19
    }
  }, 
  {
    "pk": 57, 
    "model": "auth.permission", 
    "fields": {
      "codename": "delete_multiplechoicewrongalternative", 
      "name": "Can delete multiple choice wrong alternative", 
      "content_type": 19
    }
  }, 
  {
    "pk": 37, 
    "model": "auth.permission", 
    "fields": {
      "codename": "add_question", 
      "name": "Can add question", 
      "content_type": 13
    }
  }, 
  {
    "pk": 38, 
    "model": "auth.permission", 
    "fields": {
      "codename": "change_question", 
      "name": "Can change question", 
      "content_type": 13
    }
  }, 
  {
    "pk": 39, 
    "model": "auth.permission", 
    "fields": {
      "codename": "delete_question", 
      "name": "Can delete question", 
      "content_type": 13
    }
  }, 
  {
    "pk": 16, 
    "model": "auth.permission", 
    "fields": {
      "codename": "add_session", 
      "name": "Can add session", 
      "content_type": 6
    }
  }, 
  {
    "pk": 17, 
    "model": "auth.permission", 
    "fields": {
      "codename": "change_session", 
      "name": "Can change session", 
      "content_type": 6
    }
  }, 
  {
    "pk": 18, 
    "model": "auth.permission", 
    "fields": {
      "codename": "delete_session", 
      "name": "Can delete session", 
      "content_type": 6
    }
  }, 
  {
    "pk": 19, 
    "model": "auth.permission", 
    "fields": {
      "codename": "add_site", 
      "name": "Can add site", 
      "content_type": 7
    }
  }, 
  {
    "pk": 20, 
    "model": "auth.permission", 
    "fields": {
      "codename": "change_site", 
      "name": "Can change site", 
      "content_type": 7
    }
  }, 
  {
    "pk": 21, 
    "model": "auth.permission", 
    "fields": {
      "codename": "delete_site", 
      "name": "Can delete site", 
      "content_type": 7
    }
  }, 
  {
    "pk": 1, 
    "model": "auth.user", 
    "fields": {
      "username": "root", 
      "first_name": "", 
      "last_name": "", 
      "is_active": true, 
      "is_superuser": true, 
      "is_staff": true, 
      "last_login": "2011-05-19 03:17:49", 
      "groups": [], 
      "user_permissions": [], 
      "password": "sha1$90043$c7aafd7ef21159f4931c13cdaddbd22ea322341f", 
      "email": "root@mail.com", 
      "date_joined": "2011-05-18 22:17:30"
    }
  }, 
  {
    "pk": 2, 
    "model": "auth.user", 
    "fields": {
      "username": "gerosa", 
      "first_name": "", 
      "last_name": "", 
      "is_active": true, 
      "is_superuser": false, 
      "is_staff": false, 
      "last_login": "2011-05-19 03:20:24", 
      "groups": [], 
      "user_permissions": [], 
      "password": "sha1$195a9$f137a30f38f7f30ce99cd1c726ff5bf92e63a3a1", 
      "email": "", 
      "date_joined": "2011-05-18 22:19:03"
    }
  }, 
  {
    "pk": 3, 
    "model": "auth.user", 
    "fields": {
      "username": "alfredo", 
      "first_name": "", 
      "last_name": "", 
      "is_active": true, 
      "is_superuser": false, 
      "is_staff": false, 
      "last_login": "2011-05-19 01:03:09", 
      "groups": [], 
      "user_permissions": [], 
      "password": "sha1$74cb7$9efb985df416cfee957021a3cced831f72bbf107", 
      "email": "", 
      "date_joined": "2011-05-18 22:30:57"
    }
  }, 
  {
    "pk": 4, 
    "model": "auth.user", 
    "fields": {
      "username": "teste", 
      "first_name": "", 
      "last_name": "", 
      "is_active": true, 
      "is_superuser": false, 
      "is_staff": false, 
      "last_login": "2011-05-19 03:14:14", 
      "groups": [], 
      "user_permissions": [], 
      "password": "sha1$e06f2$b33da7e9d0f0b60d7a90bc659b7e0ef0b81a2b66", 
      "email": "", 
      "date_joined": "2011-05-18 22:31:48"
    }
  }
]